result,factors,alpha
0.043327983241803945,1608.0,5.051769446290934
0.0454054553319184,2236.0,6.009407100047718
0.045802090092016766,2381.0,13.65337908117169
0.044659397944689344,1960.0,13.232627727638812
