result,factors,iterations,regularization,alpha
0.030913419710721556,199.0,38.0,0.0012202016324741605,36.767148317560746
