result,alpha
0.06109822696695676,0.8675631242732256
0.06111362617809972,0.9394043890475886
0.05873794139091037,0.549030275211232
